{"cameraMode":{"drawMode":0,"name":"Shaded","section":"Shading Mode"},"sceneLighting":true,"audioPlay":false,"sceneViewState":{"m_AlwaysRefresh":false,"showFog":true,"showSkybox":true,"showFlares":true,"showImageEffects":true,"showParticleSystems":true,"showVisualEffectGraphs":true,"m_FxEnabled":true},"in2DMode":false,"pivot":{"x":0.4960203170776367,"y":1.0334447622299195,"z":-0.6049039363861084},"rotation":{"x":0.21553544700145722,"y":-0.0474187508225441,"z":0.010481271892786026,"w":0.9752932786941528},"size":3.504993438720703,"orthographic":false}